token_id,codon,total_occurrences,target_occurrences
0,AAA,774,774
1,AAU,255,255
2,AAC,379,379
3,AAG,129,129
4,AUA,636,636
5,AUU,128,128
6,AUC,260,260
7,AUG,132,3
8,ACA,266,266
9,ACU,130,130
10,ACC,511,511
11,ACG,125,125
12,AGA,0,0
13,AGU,3,3
14,AGC,4,4
15,AGG,0,0
16,UAA,6,6
17,UAU,126,126
18,UAC,132,132
19,UAG,123,123
20,UUA,161,161
21,UUU,13,13
22,UUC,121,121
23,UUG,125,125
24,UCA,259,259
25,UCU,0,0
26,UCC,128,128
27,UCG,127,127
28,UGA,263,263
29,UGU,128,128
30,UGC,0,0
31,UGG,123,123
32,CAA,377,377
33,CAU,131,131
34,CAC,127,127
35,CAG,11,11
36,CUA,492,492
37,CUU,257,257
38,CUC,259,259
39,CUG,1,1
40,CCA,378,378
41,CCU,132,132
42,CCC,897,897
43,CCG,3,3
44,CGA,1,1
45,CGU,0,0
46,CGC,0,0
47,CGG,0,0
48,GAA,126,126
49,GAU,1,1
50,GAC,4,4
51,GAG,2,2
52,GUA,123,123
53,GUU,0,0
54,GUC,1,1
55,GUG,3,3
56,GCA,4,4
57,GCU,1,1
58,GCC,1,1
59,GCG,1,1
60,GGA,1,1
61,GGU,0,0
62,GGC,0,0
63,GGG,0,0
